iteration,loss,iteration_time
10,0.213880771542688,14.912511825561523
20,0.19272674057539613,12.282879829406738
30,0.17731704166998646,11.378687858581543
40,0.13317240629535823,8.615936279296875
50,0.10429648697476848,7.534592151641846
60,0.09148819120203587,7.906432151794434
70,0.07009431429405745,6.68671989440918
80,0.07007553733396502,7.489535808563232
90,0.05806463574710262,6.402048110961914
100,0.05462636775135474,6.38259220123291
110,0.048350456155783254,6.349823951721191
120,0.04915526927870624,6.129856109619141
130,0.05604077027356314,6.807551860809326
140,0.05438613824333266,6.765567779541016
150,0.04154340640498062,6.17471981048584
160,0.04801847235663323,6.653952121734619
170,0.04806231862489194,6.93452787399292
180,0.03900330034883779,6.02623987197876
190,0.042988863480341755,6.62937593460083
200,0.04314363493834654,6.501376152038574
210,0.04105957720707751,6.671360015869141
220,0.036985808360071336,6.5966081619262695
230,0.03835965102892074,6.473728179931641
240,0.03419308558364044,6.4194560050964355
250,0.0337650715905515,6.418432235717773
260,0.03403800087057466,6.37337589263916
270,0.03225463050928696,6.671360015869141
280,0.029892884238340738,6.580992221832275
290,0.028818517560145897,6.772736072540283
300,0.020646725783792813,5.837823867797852
310,0.02353500524147887,7.267327785491943
320,0.023501308830277408,6.187039852142334
330,0.020316104282877355,6.834176063537598
340,0.019366731605963763,6.263807773590088
350,0.018301636956810294,6.115327835083008
360,0.013342089520090642,5.971968173980713
370,0.012055171210179943,5.795519828796387
380,0.01240474464699353,5.731328010559082
390,0.011666394539088873,5.776383876800537
400,0.012891981173213886,6.147071838378906
410,0.01022376774327266,6.4140801429748535
420,0.011518226773303055,6.364160060882568
430,0.010089131863787109,6.0938239097595215
440,0.00876324192668606,5.840896129608154
450,0.009788745664494652,6.068448066711426
460,0.00785369149681064,7.082911968231201
470,0.0074125658761964135,7.959551811218262
480,0.007070175179156821,6.481919765472412
490,0.007830799467015412,5.983232021331787
500,0.005874299002810778,5.640192031860352
510,0.08581470557205464,7.687327861785889
520,0.05531403401603552,8.178688049316406
530,0.025949346112217945,6.594560146331787
540,0.014930491919757781,6.5115838050842285
550,0.01090762476441983,7.101439952850342
560,0.007838008463504399,7.313407897949219
570,0.006419177422928564,6.169600009918213
580,0.005974483961635807,6.150144100189209
590,0.005196775891166747,6.218751907348633
600,0.005491787518761953,6.519807815551758
610,0.010495718705171773,5.82041597366333
620,0.006573037569827599,5.727231979370117
630,0.005123626191789819,6.21670389175415
640,0.004508237341525624,6.045695781707764
650,0.00401596510922943,6.135807991027832
660,0.003766446910778368,6.523903846740723
670,0.003120409027721853,5.773312091827393
680,0.0031855618050549454,6.037504196166992
690,0.0029936888752694984,5.714943885803223
700,0.0026247974662956734,5.750783920288086
710,0.0060692067232677935,5.8818559646606445
720,0.003732630149054,6.540287971496582
730,0.0034171752501938645,6.294528007507324
740,0.0028766725712391847,6.223872184753418
750,0.0028337025056748796,6.230016231536865
760,0.00235586091907216,5.510144233703613
770,0.002599925224977386,6.199295997619629
780,0.002396013462492822,5.544960021972656
790,0.0022847889330075604,5.607423782348633
800,0.002187990519049306,6.094848155975342
810,0.0051812871475798526,5.842976093292236
820,0.0030577489163051614,5.7876482009887695
830,0.0022170255576682055,6.296576023101807
840,0.0018616693143251,5.536736011505127
850,0.001981094966990824,5.796864032745361
860,0.001871626068510719,5.354496002197266
870,0.0017365411857196106,5.594111919403076
880,0.001808155300398123,5.738336086273193
890,0.0014870005497107466,6.490111827850342
900,0.001614716322993663,5.809152126312256
910,0.002472228808967355,5.798912048339844
920,0.0018502063422092233,6.260735988616943
930,0.001557658380233707,5.818367958068848
940,0.0012714257680132145,5.440512180328369
950,0.001063796243365339,6.302720069885254
960,0.0010809689223661425,6.866943836212158
970,0.001148961925316764,6.21670389175415
980,0.0010978574225218483,6.565792083740234
990,0.0011315446687742655,6.2126078605651855
1000,0.0011195086621038684,5.410816192626953
1010,0.0018121545533600959,7.3155198097229
1020,0.001178406770659681,5.948480129241943
1030,0.0011192741295764864,7.237631797790527
1040,0.0010339153202512839,6.205440044403076
1050,0.0008572928051579196,6.01804780960083
1060,0.0007466004639993599,6.342912197113037
1070,0.0007110162460801007,5.899263858795166
1080,0.0007230297684066571,6.350848197937012
1090,0.0006516573282048018,6.129663944244385
1100,0.00068930392721539,5.651391983032227
1110,0.0010683720908446828,6.112256050109863
1120,0.0008671278343372918,5.673984050750732
1130,0.0007757701357680123,5.6248321533203125
1140,0.0006896927473758374,5.699584007263184
1150,0.0006687004575615098,6.313983917236328
1160,0.0006028465633967155,5.795839786529541
1170,0.0007045473878589891,5.349376201629639
1180,0.0007026118091936848,5.681151866912842
1190,0.0006179002058470503,5.7190399169921875
1200,0.0006424170469246416,5.6248321533203125
1210,0.0009249885239557209,5.640160083770752
1220,0.0007907799689722266,5.519360065460205
1230,0.0007295518893927189,5.730303764343262
1240,0.0006733770240467836,5.575679779052734
1250,0.0006228540904519172,5.703680038452148
1260,0.0006230610788706258,5.476352214813232
1270,0.0005785890962319155,5.876736164093018
1280,0.0005621738115870647,5.544960021972656
1290,0.0004962889246672153,5.800960063934326
1300,0.0005700297611606785,5.544960021972656
1310,0.0007678919200785611,6.48367977142334
1320,0.000568514158292917,5.469120025634766
1330,0.0006431840497961062,5.194752216339111
1340,0.0005758249374925328,5.5070719718933105
1350,0.0005424184621777788,5.842944145202637
1360,0.0004985283552517758,5.551968097686768
1370,0.0004843606794606753,5.735424041748047
1380,0.00046847804253587064,5.598207950592041
1390,0.0005186556843142691,5.025792121887207
1400,0.00042222658381293397,5.455872058868408
1410,0.0006287923912393106,5.764351844787598
1420,0.0005708999908480704,5.435391902923584
1430,0.0005483324517934734,5.964511871337891
1440,0.0004949231547749808,5.594111919403076
1450,0.0004431457949925097,5.905439853668213
1460,0.0004754516182755281,5.339136123657227
1470,0.0004454502687282685,5.743616104125977
1480,0.00046029094717560956,5.399551868438721
1490,0.00043519825783724204,5.905407905578613
1500,0.000522903079513484,5.446656227111816
1510,0.0006203362223335014,6.855679988861084
1520,0.0005317411310610158,5.252096176147461
1530,0.000422634079791617,5.656576156616211
1540,0.00045605296379511753,5.921792030334473
1550,0.0004946165244322433,5.414912223815918
1560,0.00039518325923295353,5.785600185394287
1570,0.0004093201409936224,6.037504196166992
1580,0.0004202143994006367,5.574656009674072
1590,0.0004316816501715562,5.3127360343933105
1600,0.00045840239145698207,5.7139201164245605
1610,0.0005086145025020288,6.383615970611572
1620,0.00049809464846864,5.278719902038574
1630,0.0004326535454588458,5.313536167144775
1640,0.00040741486650870424,5.2551679611206055
1650,0.0004066957174031695,5.705728054046631
1660,0.00040158139852817056,5.260287761688232
1670,0.0004217177457960775,5.211071968078613
1680,0.00040696639177465496,5.244736194610596
1690,0.00040505865523235017,5.3288960456848145
1700,0.00043747995798945616,5.284128189086914
1710,0.0006161497653369961,6.13478422164917
1720,0.0004933464973911894,5.5214080810546875
1730,0.00045603237721631194,5.796864032745361
1740,0.00040796714288775964,5.372928142547607
1750,0.00039930736512747345,5.513216018676758
1760,0.0003656165659203012,5.468160152435303
1770,0.00039098679139983506,5.963776111602783
1780,0.00033410353701510343,5.508096218109131
1790,0.0003212753393942861,5.591040134429932
1800,0.0003423519988157203,5.354496002197266
1810,0.0006270645358589275,6.19536018371582
1820,0.000486169011414403,5.451776027679443
1830,0.00045995372021833227,5.329919815063477
1840,0.0004088020354770072,5.527552127838135
1850,0.00042207584746330575,5.246975898742676
1860,0.0004214538619241475,5.306367874145508
1870,0.0004468191859234422,5.264383792877197
1880,0.0003427252766035729,5.445631980895996
1890,0.0004053202438292048,5.204224109649658
1900,0.0003660371361645145,5.460991859436035
1910,0.0004583049612386967,6.146048069000244
1920,0.0003923901980626215,5.433343887329102
1930,0.0003905272230432987,5.302271842956543
1940,0.0003317615875206675,5.529600143432617
1950,0.0003228131571173341,5.478400230407715
1960,0.00039705725867182043,5.37497615814209
1970,0.00034895510091744776,5.298175811767578
1980,0.0003579226126516162,5.4169921875
1990,0.00038437298275367126,5.368832111358643
2000,0.000349025396807243,5.400576114654541
2010,0.0005638445095106946,6.590464115142822
2020,0.00044666760704979225,5.851136207580566
2030,0.00037300299962091284,5.812928199768066
2040,0.00044553829253643804,5.953536033630371
2050,0.00044121549293304454,5.906432151794434
2060,0.00042227036701197125,6.188032150268555
2070,0.0004085572461305129,5.808351993560791
2080,0.0003525463503981158,5.902336120605469
2090,0.00040596642950070443,6.066175937652588
2100,0.00035657166672510256,5.863423824310303
2110,0.0004167968863448339,5.632351875305176
2120,0.00040692071844207446,5.666816234588623
2130,0.00037187664974540113,5.704480171203613
2140,0.00033716392535827435,5.701632022857666
2150,0.00034172959059173386,5.789696216583252
2160,0.00033950883109057475,5.773312091827393
2170,0.0003005102426798786,5.545983791351318
2180,0.0002853085406120782,5.699584007263184
2190,0.0003908669250846812,6.582272052764893
2200,0.0003230829283138487,5.62175989151001
2210,0.00041617121664030954,5.153791904449463
2220,0.0003689918424449057,5.5562238693237305
2230,0.0003976597441605562,5.518335819244385
2240,0.0003640872742425304,5.062464237213135
2250,0.0003348208249805338,5.1642560958862305
2260,0.0002674058061550505,5.854207992553711
2270,0.00025781486837379955,5.578752040863037
2280,0.00030347069578416153,5.113855838775635
2290,0.00030463925438169897,5.504000186920166
2300,0.0002967220715445199,5.532671928405762
2310,0.00037654635018257235,6.295551776885986
2320,0.0003244227788011459,5.646336078643799
2330,0.0003322684183030772,5.126143932342529
2340,0.00032263644522846895,5.522655963897705
2350,0.0003514069120617847,4.85478401184082
2360,0.0003676899124403096,5.634047985076904
2370,0.0003342817094344125,4.96127986907959
2380,0.00032171826746240517,4.856832027435303
2390,0.0002549324941036376,5.541696071624756
2400,0.0002526160948079986,5.591040134429932
2410,0.00035864278207581074,5.000192165374756
2420,0.0003276399794618932,5.360608100891113
2430,0.000325861173190519,5.449728012084961
2440,0.0003882034493136404,5.1609601974487305
2450,0.0003320171919849753,5.303296089172363
2460,0.00035919394529661025,5.52243185043335
2470,0.00036645398837359584,5.4424638748168945
2480,0.0003248335598305501,5.392384052276611
2490,0.00026071499784671313,5.685408115386963
2500,0.0003053044332615423,5.088255882263184
2510,0.0003659426728898048,6.302624225616455
2520,0.00028839220613950504,5.476352214813232
2530,0.0003061531735447701,5.655519962310791
2540,0.000310206878885101,5.774335861206055
2550,0.000297454441334805,5.937407970428467
2560,0.000371702742484222,5.422080039978027
2570,0.00029139093144170424,6.304768085479736
2580,0.00032739316540199444,5.172224044799805
2590,0.00031260649799698344,5.790815830230713
2600,0.0002887119199879263,5.697696208953857
2610,0.0004150779427004387,5.966591835021973
2620,0.00031446245524337755,5.101568222045898
2630,0.0002567325014942089,5.299039840698242
2640,0.0003014434694037193,5.377024173736572
2650,0.00026707450919051805,5.546016216278076
2660,0.0002763685408694986,5.666816234588623
2670,0.0002728882806586981,5.172224044799805
2680,0.0002906795289968576,5.302271842956543
2690,0.00028044644593109593,5.495808124542236
2700,0.0002984773412098651,5.493760108947754
2710,0.00037406249526292495,5.352128028869629
2720,0.00040363776253017625,5.389311790466309
2730,0.0003253152808152342,5.735424041748047
2740,0.00027623710431686746,5.744639873504639
2750,0.0002712251141903126,6.613887786865234
2760,0.0002595797289337198,6.01804780960083
2770,0.0002892256990500872,5.950463771820068
2780,0.00027987180689799845,5.657536029815674
2790,0.0002661216330465797,5.41593599319458
2800,0.00023759782485426595,5.562367916107178
2810,0.00030760709373089056,5.642975807189941
2820,0.0003315866126298371,5.101568222045898
2830,0.0002816323633336539,5.91871976852417
2840,0.000264458928261104,5.509119987487793
2850,0.00026976514363785827,5.703680038452148
2860,0.00025912825284456616,5.604351997375488
2870,0.00027318731081669,5.636096000671387
2880,0.00025882716953917073,5.786367893218994
2890,0.0002604112338343514,5.449728012084961
2900,0.00027380696529023894,5.023744106292725
2910,0.00031079514017967483,5.513216018676758
2920,0.0002811953635835796,5.132287979125977
2930,0.0002449948589360135,5.496511936187744
2940,0.00026607709280988194,5.847104072570801
2950,0.00021935313446107125,5.553152084350586
2960,0.0002540571596856919,5.153791904449463
2970,0.0002449402617621185,5.062655925750732
2980,0.00024526953067187786,5.089280128479004
2990,0.00024311475766246738,5.589151859283447
3000,0.0002619503471462521,5.501920223236084
3010,0.04727794847334882,9.42796802520752
3020,0.012080017417376628,6.9733757972717285
3030,0.0036642669948645412,6.612991809844971
3040,0.0017660228547091484,6.007808208465576
3050,0.0011552793028321443,5.475327968597412
3060,0.0007303163747140174,5.566463947296143
3070,0.0006563979208868856,6.081535816192627
3080,0.0005716137310030875,5.345248222351074
3090,0.0006910063316174105,6.021120071411133
3100,0.0005892596867290283,5.487616062164307
3110,0.032466961609873696,5.587967872619629
3120,0.021466483381595715,5.637119770050049
3130,0.018594517532313365,5.506048202514648
3140,0.01869831373130752,5.014368057250977
3150,0.0129310678279242,5.095424175262451
3160,0.00922829359120649,5.170176029205322
3170,0.004359576407634924,5.4036478996276855
3180,0.002210601750104303,5.244927883148193
3190,0.0010531221763689365,5.515359878540039
3200,0.0007651148679260998,5.475327968597412
3210,0.028997798948007334,6.591487884521484
3220,0.025638631719570197,5.678080081939697
3230,0.022968332907517063,5.40774393081665
3240,0.01463064473631667,5.64847993850708
3250,0.010023390063143992,5.588992118835449
3260,0.006217944715501639,5.489664077758789
3270,0.004358256944046656,5.243807792663574
3280,0.0014465530166955722,5.837696075439453
3290,0.0011022746694147802,6.006783962249756
3300,0.0008510624886826945,5.467135906219482
3310,0.025550907306872876,6.4931840896606445
3320,0.026350437392092196,5.350399971008301
3330,0.0203476994073341,5.441535949707031
3340,0.012488142233832385,5.5859198570251465
3350,0.011317826458029171,5.620031833648682
3360,0.007348906951346558,5.598207950592041
3370,0.005026550653297884,5.260287761688232
3380,0.0017115763005960637,5.5654401779174805
3390,0.001152530990500486,5.626880168914795
3400,0.0006603240950617533,5.683199882507324
3410,0.02446012723896139,5.991424083709717
3420,0.018141532695603365,6.13478422164917
3430,0.02095313245892374,6.1921281814575195
3440,0.01528634828510412,6.1235198974609375
3450,0.013976467285384871,7.798495769500732
3460,0.007405415900888353,5.768191814422607
3470,0.004955168241144635,6.415359973907471
3480,0.00207353781422614,5.472256183624268
3490,0.0010131160767247074,5.537951946258545
3500,0.0007493076935353911,5.378047943115234
3510,0.02976290729210849,6.168575763702393
3520,0.018345302782702463,5.460991859436035
3530,0.021579753120011005,6.3948798179626465
3540,0.016900890370883114,5.623807907104492
3550,0.010163767574621205,6.359072208404541
3560,0.007509499283357655,5.495808124542236
3570,0.004366066658271099,6.435840129852295
3580,0.0017096790835705602,5.604351997375488
3590,0.0010507801472790334,5.633024215698242
3600,0.0006647033803729151,5.573791980743408
3610,0.02201312744300735,6.670048236846924
3620,0.019472833324873862,5.5847039222717285
3630,0.01971921426870768,5.995520114898682
3640,0.010654798905332611,5.658624172210693
3650,0.011153184942681702,5.856256008148193
3660,0.0054527354323416375,5.789696216583252
3670,0.003959961859907768,5.6842241287231445
3680,0.0014648836615685549,5.686272144317627
3690,0.0008549070183077763,5.440512180328369
3700,0.000719786449780523,5.2254719734191895
3710,0.02017433046471125,5.623807907104492
3720,0.026272924972096774,5.485568046569824
3730,0.014555622425791533,5.7784318923950195
3740,0.017917714974197533,5.308671951293945
3750,0.013608605270670735,5.841919898986816
3760,0.007698806710385968,5.486591815948486
3770,0.003720520911572554,6.062079906463623
3780,0.0018375685296588438,5.64521598815918
3790,0.0009259299145258255,6.762368202209473
3800,0.0006500679889956159,5.669888019561768
3810,0.02652962771337592,5.77126407623291
3820,0.025884043378975524,5.832736015319824
3830,0.015316966952362083,6.307839870452881
3840,0.019043368524321806,5.649407863616943
3850,0.009744067476429438,6.251520156860352
3860,0.01022161361869395,5.868544101715088
3870,0.005377403367820837,6.815743923187256
3880,0.0019408895338555603,5.871615886688232
3890,0.001024980277950776,6.657023906707764
3900,0.0005537270168997887,5.560319900512695
3910,0.02158655455694807,5.77023983001709
3920,0.01936981024083374,5.616640090942383
3930,0.015778070679740318,6.287360191345215
3940,0.01907360008445129,6.257760047912598
3950,0.014683746148174267,6.687744140625
3960,0.007295667413255918,5.864448070526123
3970,0.0039082451158230875,6.967296123504639
3980,0.0016761608346612072,5.785600185394287
3990,0.0007475512146276072,6.250495910644531
4000,0.0006025655029059506,6.02726411819458
4010,0.0199141825455376,6.820864200592041
4020,0.020429039872331047,5.619711875915527
4030,0.023392315609611823,5.768191814422607
4040,0.0178335785458586,5.421055793762207
4050,0.011830305672536316,5.889023780822754
4060,0.006897822394522987,5.682176113128662
4070,0.004753861795273984,6.681600093841553
4080,0.0018492798784022512,5.749760150909424
4090,0.0007861463913932387,6.196320056915283
4100,0.000568920382718265,5.787519931793213
4110,0.026783060999119992,5.837823867797852
4120,0.019761623557327582,5.699584007263184
4130,0.017388885371658527,6.33139181137085
4140,0.01767672339232363,5.769216060638428
4150,0.013642763148790218,6.571008205413818
4160,0.007019384998883595,5.923711776733398
4170,0.004461929805966793,5.891071796417236
4180,0.0018154939419546704,5.668543815612793
4190,0.0009396398032813123,6.285312175750732
4200,0.0008433573134818156,5.619711875915527
4210,0.01799683487169677,5.898431777954102
4220,0.019937379686985886,5.616543769836426
4230,0.011635400571363384,6.012928009033203
4240,0.019099524936258796,5.934847831726074
4250,0.014712158796460952,6.498367786407471
4260,0.008816450761203765,5.76204776763916
4270,0.005839525898788859,6.444032192230225
4280,0.0024004413303109254,5.8857598304748535
4290,0.000977669259100907,6.369311809539795
4300,0.0007391689724141393,5.6545281410217285
4310,0.026931583286907125,6.363135814666748
4320,0.025565783257870914,5.720799922943115
4330,0.014840465101010895,5.913599967956543
4340,0.012896921748740721,5.765120029449463
4350,0.014660220378844988,6.593535900115967
4360,0.006579705649581459,5.679103851318359
4370,0.003641094997615678,6.82803201675415
4380,0.0016627515473479166,5.86137580871582
4390,0.000878806965495767,6.830080032348633
4400,0.0005394776185375789,5.652480125427246
4410,0.028319348498045294,5.634047985076904
4420,0.02746396893636531,5.63375997543335
4430,0.022641729348999905,6.7348480224609375
4440,0.016240020750882316,5.690368175506592
4450,0.012162062815014946,6.409215927124023
4460,0.00888219762371391,5.782527923583984
4470,0.004651576169902637,5.501791954040527
4480,0.0019650895938257383,5.782527923583984
4490,0.0008128010238700442,6.391007900238037
4500,0.0005599748502914648,5.700607776641846
4510,0.021892584891033462,6.089727878570557
4520,0.018552128960795847,5.703680038452148
4530,0.01877502970630195,6.68671989440918
4540,0.014236720703080075,5.934080123901367
4550,0.009780922191742107,6.790976047515869
4560,0.006631543771371226,5.943295955657959
4570,0.003517765111481947,6.907904148101807
4580,0.0013609897239656628,5.8572797775268555
4590,0.00108178886985743,5.988063812255859
4600,0.000875702455503382,6.012928009033203
4610,0.026667246346682796,6.092800140380859
4620,0.02063549644821166,5.82144021987915
4630,0.01331227922906538,6.2412800788879395
4640,0.013229915449198229,5.846240043640137
4650,0.01049250067823302,6.692863941192627
4660,0.007113567677297095,5.618688106536865
4670,0.0033054516763820797,6.214655876159668
4680,0.002017302339946334,5.600255966186523
4690,0.0014214232388690435,6.452223777770996
4700,0.0009223784458909205,5.972991943359375
4710,0.03153542693025962,6.384640216827393
4720,0.028884442434681225,5.897215843200684
4730,0.02318006253593609,7.090176105499268
4740,0.013627182531552208,5.579775810241699
4750,0.01537338629217715,5.885951995849609
4760,0.009268248738708138,6.082560062408447
4770,0.00758535539457401,5.906432151794434
4780,0.0037265473776770123,7.547904014587402
4790,0.001352536969830251,6.7051520347595215
4800,0.0009042072942362098,6.352896213531494
4810,0.02866133830127889,5.824512004852295
4820,0.024106502946269297,5.5920000076293945
4830,0.015130769950626042,6.822912216186523
4840,0.015624404412905562,6.045695781707764
4850,0.014926538723261086,6.116352081298828
4860,0.007630600940334348,5.84819221496582
4870,0.005408266157621196,6.46892786026001
4880,0.002257460194068062,6.576128005981445
4890,0.0010016717112785501,6.72489595413208
4900,0.0005465748826631513,6.204415798187256
4910,0.02179593961226431,6.28223991394043
4920,0.02630159380134115,6.046688079833984
4930,0.023427474207406984,5.849088191986084
4940,0.019450628389559188,6.882080078125
4950,0.011887653102798717,5.863423824310303
4960,0.009336195388701795,5.895359992980957
4970,0.0033762286529493584,6.047743797302246
4980,0.002000067037015299,5.533696174621582
4990,0.0010321416622010781,6.382751941680908
5000,0.000796152271332421,5.668863773345947
5010,0.026430064649100186,6.413311958312988
5020,0.02243443170896304,6.916351795196533
5030,0.021161568338941405,6.166528224945068
5040,0.01134933662050938,6.1327362060546875
5050,0.008237742242443885,6.383615970611572
5060,0.006712736244358223,5.8818559646606445
5070,0.003186328609167076,5.804031848907471
5080,0.0017949926537217042,5.688320159912109
5090,0.000937817442419359,6.177472114562988
5100,0.0007766452265442014,5.676032066345215
5110,0.028544906888982487,5.746816158294678
5120,0.028747342183264146,5.723135948181152
5130,0.02333118540270741,6.239232063293457
5140,0.013659482184634284,6.676479816436768
5150,0.015104274848134739,5.633024215698242
5160,0.007359031773763433,5.658624172210693
5170,0.005433266280713717,6.712319850921631
5180,0.002580289930419861,6.880256175994873
5190,0.0009619674246188434,6.368256092071533
5200,0.0007078803386018529,5.966847896575928
5210,0.027945062901361395,5.9269118309021
5220,0.019632073163404658,5.62175989151001
5230,0.014744130209250386,5.911263942718506
5240,0.01703285728908311,7.2827839851379395
5250,0.012799515869775874,6.415359973907471
5260,0.0063357281542577824,5.626880168914795
5270,0.004672337224303564,6.916959762573242
5280,0.001958206682286129,5.749760150909424
5290,0.0012628833301465445,6.624256134033203
5300,0.0007226272801028112,5.72211217880249
5310,0.029492512151151857,6.416384220123291
5320,0.018501794833471273,6.579999923706055
5330,0.015083152460286062,5.8787841796875
5340,0.0161584047159069,5.520383834838867
5350,0.008837389414693366,5.708799839019775
5360,0.007716336919287319,5.676032066345215
5370,0.004798440559411319,6.091775894165039
5380,0.0028878407165401285,5.735424041748047
5390,0.00156057444386903,6.870016098022461
5400,0.0008653249487198015,5.9903998374938965
5410,0.030604513933716923,6.639616012573242
5420,0.02042279829572352,5.663584232330322
5430,0.026426412165459528,6.453248023986816
5440,0.020728189725593132,5.7630720138549805
5450,0.015309029616097177,7.005184173583984
5460,0.007788382174809296,5.454847812652588
5470,0.003953526878220905,6.1030402183532715
5480,0.001975873740826106,5.6056318283081055
5490,0.0012792983486223475,6.771647930145264
5500,0.0008241448695709723,5.818399906158447
5510,0.024895352507648662,6.247424125671387
5520,0.026517154918210363,6.148096084594727
5530,0.014454993015808945,6.856480121612549
5540,0.014190274024199933,6.012928009033203
5550,0.008370423542565649,6.410240173339844
5560,0.004491589886972949,5.740767955780029
5570,0.0029412866419153308,6.523903846740723
5580,0.0019298832481557707,6.237184047698975
5590,0.001824958620537861,6.320127964019775
5600,0.0011080688079475054,5.916895866394043
5610,0.020052455876207458,5.628928184509277
5620,0.028141406279966183,6.1268157958984375
5630,0.018181799401822095,6.000639915466309
5640,0.018436941173383747,6.960127830505371
5650,0.010708240475954136,5.885951995849609
5660,0.007730365525277963,6.4389119148254395
5670,0.003455629578705692,6.110208034515381
5680,0.0011545126009714387,6.754528045654297
5690,0.001018021077836898,5.941247940063477
5700,0.000859140987684691,6.43993616104126
5710,0.022577838899689784,5.96889591217041
5720,0.026946075274644106,7.265312194824219
5730,0.020617632300002225,5.534592151641846
5740,0.01666317938940878,5.793791770935059
5750,0.01491574692270043,6.78707218170166
5760,0.008005200643595051,5.737472057342529
5770,0.0048543808242858715,6.090752124786377
5780,0.0018215329485146187,5.4476799964904785
5790,0.001358500795917401,5.644288063049316
5800,0.0007137181911547785,5.617663860321045
5810,0.023233769286098212,5.648384094238281
5820,0.02725716279024519,5.623807907104492
5830,0.023647725589622363,6.788095951080322
5840,0.019575116629427285,5.736447811126709
5850,0.01627388821330614,6.421504020690918
5860,0.011707682028462762,5.77023983001709
5870,0.006522131900690882,6.520832061767578
5880,0.003843679516538042,6.098944187164307
5890,0.0016644433176659882,6.3744001388549805
5900,0.0009586865608554066,5.743711948394775
5910,0.030315955650553568,6.127615928649902
5920,0.026314032247187827,6.603775978088379
5930,0.0206058860139296,5.540863990783691
5940,0.023017567791511935,5.854207992553711
5950,0.019378312134868722,7.0348801612854
5960,0.01403741919784569,5.97708797454834
5970,0.005507332035849934,6.875135898590088
5980,0.0034934953157391545,5.995327949523926
5990,0.001510993530205882,6.8976640701293945
6000,0.0009321285725405412,6.062079906463623
6010,0.07445545012150359,8.650752067565918
6020,0.04352924285297338,5.730303764343262
6030,0.03104222901204638,5.1374077796936035
6040,0.018412820793911287,4.928512096405029
6050,0.019575753515682248,5.607423782348633
6060,0.011957173625218722,5.216256141662598
6070,0.006119151885403444,5.056511878967285
6080,0.0026287718487693528,6.083583831787109
6090,0.0018949870661843851,4.964352130889893
6100,0.0010658289853900074,4.969503879547119
6110,0.02602999584311892,4.662271976470947
6120,0.028576778497732488,4.914175987243652
6130,0.02517579457095424,4.896768093109131
6140,0.021942060687160744,4.951039791107178
6150,0.011995976833374637,4.975615978240967
6160,0.007017219056282845,5.5899200439453125
6170,0.004320410569705229,4.888576030731201
6180,0.002036814988016395,4.884479999542236
6190,0.001190068802477837,4.856639862060547
6200,0.0010795406393847775,5.036032199859619
6210,0.03397283781781826,4.942848205566406
6220,0.02349924112113957,4.796735763549805
6230,0.017264410592109463,4.749311923980713
6240,0.01593460531537271,4.752384185791016
6250,0.012888465734854667,4.869376182556152
6260,0.010672912566764498,4.936704158782959
6270,0.005931537890990016,5.285888195037842
6280,0.0026506282515558963,5.089280128479004
6290,0.0014880931762480843,5.467135906219482
6300,0.0008372212501609273,4.910111904144287
6310,0.021479626374444987,4.767744064331055
6320,0.02865324890717622,4.916351795196533
6330,0.019123013875779405,4.8455681800842285
6340,0.019529705967837735,4.974720001220703
6350,0.014048748491306797,4.980735778808594
6360,0.008624332790686763,5.505023956298828
6370,0.004433313659231589,5.490687847137451
6380,0.0023918212291814105,5.26643180847168
6390,0.001106901304712497,4.957056045532227
6400,0.0007081339135878034,4.9100799560546875
6410,0.032642082143361256,5.262335777282715
6420,0.023148359337761226,4.765696048736572
6430,0.027879885837180415,5.530623912811279
6440,0.021879450678151228,5.426176071166992
6450,0.01575296737780222,4.9767680168151855
6460,0.00866894221494407,5.173247814178467
6470,0.005382743917761576,5.5562238693237305
6480,0.002717663383460792,5.276671886444092
6490,0.0012917309591807514,4.9277119636535645
6500,0.001072793945376118,5.01043176651001
6510,0.03542177569419484,5.199872016906738
6520,0.02155641140759506,4.978687763214111
6530,0.01813630598090706,4.9244160652160645
6540,0.022367122676960807,5.188928127288818
6550,0.017916232758652298,5.052608013153076
6560,0.01364931953408817,5.264383792877197
6570,0.005904164310941279,5.301248073577881
6580,0.0035868906092875524,5.419007778167725
6590,0.0014894839298206636,5.331967830657959
6600,0.0008956673025882041,5.032959938049316
6610,0.03454408301414778,5.000192165374756
6620,0.02512871298400074,4.808703899383545
6630,0.019753232277364915,4.746240139007568
6640,0.02229441983370907,5.1814398765563965
6650,0.020861887799773243,5.0381760597229
6660,0.009993770080942203,4.736000061035156
6670,0.006113165391857085,4.794367790222168
6680,0.003273579517243709,5.3831682205200195
6690,0.001326391443752414,5.092160224914551
6700,0.0008451950003337573,4.917247772216797
6710,0.0331697757860964,4.956160068511963
6720,0.025228046904124116,4.849664211273193
6730,0.029921626371484128,4.943871974945068
6740,0.019203527236053838,5.989376068115234
6750,0.013261130472169858,5.426176071166992
6760,0.010347979825039827,4.814847946166992
6770,0.0067322624915758696,5.1763200759887695
6780,0.0025843745044786797,5.01964807510376
6790,0.0016985365804116736,5.737472057342529
6800,0.0010833365509930939,6.268928050994873
6810,0.03164372679802588,5.150720119476318
6820,0.032319004912161796,6.172671794891357
6830,0.027639275156834033,5.984255790710449
6840,0.023132597860482714,6.609920024871826
6850,0.019457550163268902,5.983232021331787
6860,0.011477303462856815,4.901887893676758
6870,0.007200577071979224,5.264383792877197
6880,0.00286955905173468,4.814847946166992
6890,0.0012136396818471576,5.406720161437988
6900,0.0008798881299741306,5.227519989013672
6910,0.03712786210749823,5.141503810882568
6920,0.02276417327581293,4.789247989654541
6930,0.021546600268440925,4.837376117706299
6940,0.024796815677336534,5.141503810882568
6950,0.0200319465975928,5.21011209487915
6960,0.013612863249852121,5.2705278396606445
6970,0.0072815074999954404,5.5357441902160645
6980,0.002482301046094938,4.97049617767334
6990,0.0015066276253620082,4.936704158782959
7000,0.0009778092799010432,4.9541120529174805
7010,0.02447269699161773,4.718592166900635
7020,0.02170876462752986,4.683775901794434
7030,0.03153497467088841,5.1178879737854
7040,0.02084029628570403,4.746240139007568
7050,0.02203559079640445,5.841119766235352
7060,0.01646612340714685,5.232639789581299
7070,0.008788772944944501,5.3831682205200195
7080,0.003014318480783859,5.4179840087890625
7090,0.0014721002800706286,5.30841588973999
7100,0.0010345480989254587,5.272575855255127
7110,0.02849330487959439,4.784128189086914
7120,0.034024915089232076,5.186367988586426
7130,0.019482356229557525,4.916224002838135
7140,0.014175405019099169,4.908031940460205
7150,0.010432917916185959,4.794367790222168
7160,0.007684886434085278,5.062655925750732
7170,0.005866816786803295,5.520383834838867
7180,0.002919699703154442,5.429247856140137
7190,0.0016345612450800332,5.050367832183838
7200,0.0011911577393123852,4.9694719314575195
7210,0.024258884373239777,4.826111793518066
7220,0.02070231246418653,4.7175679206848145
7230,0.023118449513118526,4.795392036437988
7240,0.019606922104041795,4.91212797164917
7250,0.021611400528764396,5.064703941345215
7260,0.015614146468254347,5.1025919914245605
7270,0.010420734835656843,5.209951877593994
7280,0.003838373652396059,4.945919990539551
7290,0.0016058784509218706,5.026815891265869
7300,0.001042652921946795,5.390336036682129
7310,0.028368044763612016,4.794367790222168
7320,0.030600380179480947,5.06060791015625
7330,0.02261426272231928,4.7267842292785645
7340,0.021598188101029158,5.9555840492248535
7350,0.017712482068292134,5.253119945526123
7360,0.00967528259866286,4.794367790222168
7370,0.0070662359204587705,5.372928142547607
7380,0.0033075466874936646,5.050367832183838
7390,0.0020349743500366856,5.382143974304199
7400,0.0014429308357431312,5.364736080169678
7410,0.02557174976795333,4.696063995361328
7420,0.025928205014795407,4.691967964172363
7430,0.029490994266656894,5.166079998016357
7440,0.028502812274622612,5.111807823181152
7450,0.020485092310881838,5.475327968597412
7460,0.015525529846560505,5.2111358642578125
7470,0.00888103607681641,5.030752182006836
7480,0.005275120166560514,5.737472057342529
7490,0.0020525289272768565,4.847807884216309
7500,0.0010883292357856775,4.793344020843506
7510,0.026835109018595343,4.790592193603516
7520,0.036861171033123814,5.229568004608154
7530,0.02991983926187363,6.039552211761475
7540,0.019184234944098447,4.840447902679443
7550,0.02286838175992718,5.6821441650390625
7560,0.016612089164747715,5.230591773986816
7570,0.006514141508220127,5.038080215454102
7580,0.003222921170111422,5.06982421875
7590,0.0015744100928188932,5.52243185043335
7600,0.0012889989383865754,5.563488006591797
7610,0.034095894309754175,5.754879951477051
7620,0.02977504971019104,5.091328144073486
7630,0.017820639498911262,4.829184055328369
7640,0.021986607034367653,6.196224212646484
7650,0.015196876566900138,5.268479824066162
7660,0.00755596137568169,4.940800189971924
7670,0.007190342832988759,5.3831682205200195
7680,0.0035456457272424182,5.450751781463623
7690,0.0020548305209966465,5.405695915222168
7700,0.0011748440769371003,7.016448020935059
7710,0.031518528893669406,5.524447917938232
7720,0.021874548724008038,5.27788782119751
7730,0.02076012677197307,5.079040050506592
7740,0.014771297431946112,5.457920074462891
7750,0.012383931293505887,5.529600143432617
7760,0.005856086407154226,4.820191860198975
7770,0.005680793724811699,5.481472015380859
7780,0.0023456201734552693,4.893695831298828
7790,0.002235296318763241,5.859327793121338
7800,0.0015263529003431606,5.835775852203369
7810,0.038246632342200576,5.62175989151001
7820,0.02575725744336102,4.831232070922852
7830,0.02388553330416471,5.146431922912598
7840,0.016138515876276797,4.8936638832092285
7850,0.01022103927988368,4.911136150360107
7860,0.007779684736806748,4.896768093109131
7870,0.005163785976493164,4.980576038360596
7880,0.0035000704380516784,4.996096134185791
7890,0.002940570557909662,5.736127853393555
7900,0.0014897751760377552,5.128191947937012
7910,0.025200915963378055,4.679679870605469
7920,0.03652706116644642,5.7630720138549805
7930,0.02469998832065925,5.136447906494141
7940,0.028089641564602533,5.041152000427246
7950,0.024457133072892316,5.811200141906738
7960,0.01268498629651689,5.254144191741943
7970,0.009563497284195708,5.696512222290039
7980,0.006202135661418261,6.21670389175415
7990,0.0028265253087404523,5.677055835723877
8000,0.0016363555818814848,5.676032066345215
8010,0.0387047125299321,6.106368064880371
8020,0.02668808716557294,5.216256141662598
8030,0.025028779366972446,4.770080089569092
8040,0.020426290718160045,4.8015360832214355
8050,0.02013025341748794,5.156864166259766
8060,0.01149806326267395,4.842495918273926
8070,0.010081097281236136,5.567488193511963
8080,0.004442243646924809,6.538400173187256
8090,0.002041172728008013,5.853055953979492
8100,0.0012588584743249802,5.787487983703613
8110,0.029177563469726768,5.2254719734191895
8120,0.03085649103253453,5.497663974761963
8130,0.0283626846843058,4.978687763214111
8140,0.02149327828328009,5.11897611618042
8150,0.01799907805197909,5.626880168914795
8160,0.012814121940994736,6.012928009033203
8170,0.007028922376578263,5.575679779052734
8180,0.003373206334538287,4.8209919929504395
8190,0.002534621996168231,5.4179840087890625
8200,0.001492931778144523,5.602303981781006
8210,0.023835162452962612,5.942272186279297
8220,0.033865755240904,6.187007904052734
8230,0.026894881965826782,5.234464168548584
8240,0.023000884381820748,5.718016147613525
8250,0.01803547181003709,5.278719902038574
8260,0.01408249259608722,5.224448204040527
8270,0.008236405252191542,5.398528099060059
8280,0.0040347103005202705,5.345280170440674
8290,0.0018394155887734235,5.4476799964904785
8300,0.0012071070255099442,4.96230411529541
8310,0.02492126392676643,4.708576202392578
8320,0.021366583571555513,5.430016040802002
8330,0.01625669458651079,5.5951361656188965
8340,0.012065253464538274,5.517312049865723
8350,0.00729890565914048,4.982783794403076
8360,0.0073523149668506035,5.893119812011719
8370,0.006498502825946896,6.635519981384277
8380,0.0045208382964302615,6.2269439697265625
8390,0.0025533558391752707,5.0186238288879395
8400,0.0019880665767692107,4.852735996246338
8410,0.026211727736547986,5.204991817474365
8420,0.02749829140002237,5.4966721534729
8430,0.013697462824150422,4.677631855010986
8440,0.014118856537740521,5.6145920753479
8450,0.0060251194107656695,4.640768051147461
8460,0.004758680230929467,5.053440093994141
8470,0.015165681090868976,5.05679988861084
8480,0.0066858873239684065,5.681151866912842
8490,0.003221602586694171,5.419936180114746
8500,0.0014076688759352052,5.592832088470459
8510,0.029259618969036484,5.693439960479736
8520,0.02318563323865696,5.272575855255127
8530,0.01291126766299706,4.755199909210205
8540,0.014614527350958736,5.086207866668701
8550,0.00780742131963992,4.894720077514648
8560,0.004891370571770955,4.8209919929504395
8570,0.0049623116144431,5.245952129364014
8580,0.002886392124652309,5.329919815063477
8590,0.0014969147952890855,5.0838398933410645
8600,0.0014132327063125058,5.385216236114502
8610,0.024888693974038704,6.055935859680176
8620,0.015895103906606874,4.783008098602295
8630,0.014485761128735682,5.319839954376221
8640,0.007725195962250892,5.082111835479736
8650,0.007190989438633213,5.414912223815918
8660,0.004153155568054077,4.767744064331055
8670,0.0030173490972162415,4.905983924865723
8680,0.00257043579989865,5.340159893035889
8690,0.0018645165760234608,5.5562238693237305
8700,0.00104953960430153,4.874239921569824
8710,0.020938866387034683,5.346303939819336
8720,0.011320491158379485,4.917247772216797
8730,0.00800809031011143,5.276671886444092
8740,0.0037323237561141254,5.644288063049316
8750,0.001924743421985039,4.800511837005615
8760,0.0015071561042148322,4.7923197746276855
8770,0.00117497340983078,4.857024192810059
8780,0.001151913626332617,5.311488151550293
8790,0.0009115316275642466,5.454847812652588
8800,0.0009680730778898246,5.327871799468994
8810,0.01827117310789993,4.758528232574463
8820,0.013348088478656057,5.450751781463623
8830,0.008669628412788524,5.368832111358643
8840,0.004222080823061362,4.989952087402344
8850,0.003752423653670571,5.222400188446045
8860,0.0020991388582120396,5.8818559646606445
8870,0.0017172239507156197,5.212160110473633
8880,0.0019161285315669326,5.648384094238281
8890,0.0012417442642870247,4.840447902679443
8900,0.0009570966691265527,4.914175987243652
8910,0.01656481201411236,5.108736038208008
8920,0.012811042807178043,5.304319858551025
8930,0.008367750034594335,5.138432025909424
8940,0.006867205366449521,5.348351955413818
8950,0.004155627122279296,5.451776027679443
8960,0.0026235960929421945,6.055935859680176
8970,0.0022690544744765543,6.407167911529541
8980,0.0014666987281828452,4.8957438468933105
8990,0.0013544455888254588,6.318079948425293
9000,0.001109666861337106,5.824512004852295
9010,0.08494586007576466,8.482815742492676
9020,0.02174782208330414,5.102687835693359
9030,0.010177941106476683,6.589439868927002
9040,0.0042409942124186605,4.599808216094971
9050,0.0024483769842226443,4.617216110229492
9060,0.0016758785503021264,5.979936122894287
9070,0.0012187362553979881,4.865024089813232
9080,0.0009361665497507753,4.688896179199219
9090,0.0008782542822785154,5.570559978485107
9100,0.0007308733749445465,5.693439960479736
9110,0.00491555289258514,4.788224220275879
9120,0.0020852103066599397,5.145599842071533
9130,0.0011623912551603282,5.274847984313965
9140,0.0008202515202518227,4.916319847106934
9150,0.0006371814680747466,5.752831935882568
9160,0.000567139643315403,6.375423908233643
9170,0.0005467792871785826,7.215104103088379
9180,0.0005884355746978364,5.165056228637695
9190,0.0005482746483819803,5.9996161460876465
9200,0.00046780708060081193,6.543360233306885
9210,0.002947127730832255,4.816895961761475
9220,0.0013087992062338668,4.86195182800293
9230,0.0009405215101352003,6.028287887573242
9240,0.0007216696435339792,6.031360149383545
9250,0.0004988064427172668,4.972576141357422
9260,0.0006457412562922263,4.934656143188477
9270,0.0007220914106038159,5.097248077392578
9280,0.0007019795631199922,6.06390380859375
9290,0.0006026040743466286,5.230591773986816
9300,0.0004898384020316088,5.153567790985107
9310,0.002189088923296259,5.42083215713501
9320,0.000979208969458314,4.733952045440674
9330,0.0006655095656703856,5.625855922698975
9340,0.0005414275902826596,4.790272235870361
9350,0.00043705789797234365,5.363711833953857
9360,0.0004895873795513753,5.583871841430664
9370,0.0005007999623163973,6.022143840789795
9380,0.00035494609342376035,4.649983882904053
9390,0.000411522139212023,5.508096218109131
9400,0.00047409155204084717,4.645887851715088
9410,0.0025268468738626733,5.419839859008789
9420,0.001010184684050792,4.879360198974609
9430,0.0006416538531156431,4.955327987670898
9440,0.0005137975565626972,4.867072105407715
9450,0.00041242147127830496,6.287360191345215
9460,0.00040655957758348676,5.822239875793457
9470,0.00044057523418535217,5.894144058227539
9480,0.00036177605312456146,4.808703899383545
9490,0.0004328005475499422,5.856031894683838
9500,0.0005157428769536395,6.033567905426025
9510,0.002346976928858332,5.476352214813232
9520,0.0011792749217105726,4.993120193481445
9530,0.00078499559381007,5.188608169555664
9540,0.000556931154391591,5.288959980010986
9550,0.0005449213810060444,5.876736164093018
9560,0.0004988501440141361,4.916224002838135
9570,0.0004904055634188948,5.884928226470947
9580,0.00046112935597343927,4.942848205566406
9590,0.0004839446028253355,5.987328052520752
9600,0.00035425648265840506,4.90393590927124
9610,0.002936437304171175,6.891520023345947
9620,0.0012381924636950905,5.606400012969971
9630,0.0008156038614816777,5.460991859436035
9640,0.0006942142182994346,6.7696638107299805
9650,0.000623010532817517,6.448063850402832
9660,0.0006482519009422107,5.8961920738220215
9670,0.0006734008412983744,6.002687931060791
9680,0.00047093851462970935,6.3006720542907715
9690,0.0005077777855030917,6.596799850463867
9700,0.0004191055283519811,5.935103893280029
9710,0.002569020061337666,6.173696041107178
9720,0.0012669548303234875,6.312960147857666
9730,0.000683169487716721,6.793216228485107
9740,0.0005889346767661988,5.819392204284668
9750,0.0004581157594760576,6.138879776000977
9760,0.00038172785095135474,6.328320026397705
9770,0.0005065224589225972,5.516287803649902
9780,0.0004391604112791921,6.102015972137451
9790,0.0005726136795832391,6.6302080154418945
9800,0.0004387322880247034,5.557248115539551
9810,0.0030770726552570285,7.1444478034973145
9820,0.0013030554188843157,5.734399795532227
9830,0.0007330978924196263,6.649856090545654
9840,0.0005095085969508763,5.807392120361328
9850,0.0005414655644512997,5.738495826721191
9860,0.000584817370982138,7.625728130340576
9870,0.0004740538982099521,5.468160152435303
9880,0.0004137203863269343,6.362112045288086
9890,0.00033389978341026225,5.463039875030518
9900,0.0004482763511383538,6.846464157104492
9910,0.004104337456398105,6.400000095367432
9920,0.0017175235581154556,5.82860803604126
9930,0.0009798646928105906,5.9269118309021
9940,0.000768024249423639,7.0023040771484375
9950,0.0005727995357178072,6.32147216796875
9960,0.0006059292921412082,7.088128089904785
9970,0.0007581061576661489,6.604800224304199
9980,0.00048812668374380633,6.981632232666016
9990,0.00044788157104178896,6.994944095611572
10000,0.00035344286602178297,6.447103977203369
